{"cameraMode":{"drawMode":0,"name":"Shaded","section":"Shading Mode"},"sceneLighting":true,"audioPlay":false,"sceneViewState":{"m_AlwaysRefresh":false,"showFog":true,"showSkybox":true,"showFlares":true,"showImageEffects":true,"showParticleSystems":true,"showVisualEffectGraphs":true,"m_FxEnabled":true},"in2DMode":false,"pivot":{"x":0.07344311475753784,"y":1.0100021362304688,"z":5.029111862182617},"rotation":{"x":-0.016494417563080789,"y":-0.017328763380646707,"z":0.0007087081321515143,"w":-0.9999423623085022},"size":1.0710903406143189,"orthographic":false}