{"cameraMode":{"drawMode":0,"name":"Shaded","section":"Shading Mode"},"sceneLighting":true,"audioPlay":false,"sceneViewState":{"m_AlwaysRefresh":false,"showFog":true,"showSkybox":true,"showFlares":true,"showImageEffects":true,"showParticleSystems":true,"showVisualEffectGraphs":true,"m_FxEnabled":true},"in2DMode":false,"pivot":{"x":-1.6219767332077027,"y":0.2528984248638153,"z":-1.9851804971694947},"rotation":{"x":-0.053520094603300098,"y":0.9446536898612976,"z":-0.2571847140789032,"w":-0.1966101974248886},"size":5.501514911651611,"orthographic":false}